{"stats":{"minecraft:custom":{"minecraft:jump":59,"minecraft:time_since_rest":12306,"minecraft:crouch_one_cm":2761,"minecraft:leave_game":2,"minecraft:sprint_one_cm":6069,"minecraft:play_time":12306,"minecraft:damage_taken":10,"minecraft:time_since_death":12306,"minecraft:walk_one_cm":2940,"minecraft:sneak_time":1629,"minecraft:total_world_time":12306,"minecraft:fall_one_cm":1649,"minecraft:fly_one_cm":102001},"minecraft:used":{"minecraft:spruce_stairs":32,"minecraft:spruce_planks":4,"minecraft:debug_stick":35,"minecraft:glass":48,"minecraft:spruce_trapdoor":8,"minecraft:spruce_fence":19,"minecraft:spruce_log":75,"minecraft:spruce_fence_gate":6,"minecraft:spruce_slab":94}},"DataVersion":3953}